name;count
РУЧКА ДВЕРИ НАР З Л;0.00
ШУМОИЗОЛ ДВЕРИ З ПР;0.00
НАПРАВЛ ДВЕРИ З Л;0.00
ОГР ХОДА ДВЕРИ З Л;0.00
РУЧКА ВНУ ДВЕРЬ З Л;0.00
АКТИВАТОР СТЕКЛА З;0.00
НАПРАВЛ ДВЕРИ З ПР;0.00
ЯЩИК Д/ИНСТРУМЕНТОВ;0.00
СКОБА СУППОРТА З ПР;0.00
ТОРМОЗНОЙ ДИСКЗ ПР;0.00
НОМЕРНОЙ ЗНАКЗ;0.00
МЕЛКИЕ ДЕТАЛИ (2.00%);0.00
МОЛДИНГ ПР БАМПЕР З;0.00
БОКОВ СТЕКЛО З ПР;0.00
СТЕКЛО ЗАДНЕЕ;0.00
ОБРЕЗНАЯ НИТЬ;0.00
РАМКА НОМЕР ЗНАКА З;0.00
К-Т НАПРАВЛ БАМПЕРА;0.00
СТЕКЛО ДВЕРИ З Л;0.00
ПРАЙМЕР ЗАДН СТЕКЛО;0.00
СТ-ПОДЪЕМНИК З ПР;0.00
ТОПЛИВНЫЙ ФИЛЬТР;0.00
ВОДОСТОЧН КАНАЛ З Л;0.00
К-Т КЛЕЯ ОКНО БОК ПР;0.00
АПЛИКАТОР;0.00
К-Т КЛЕЯ ОКНО БОК Л;0.00
ДЕРЖ ПАНЕЛЬ ПОЛ З ПР;0.00
СОЕДИН БОК Ч ВНУ ПР;0.00
СТ-ПОДЪЕМНИК З Л;0.00
НАПРАВЛ ПР БАМПЕРА З;0.00
КРЫШКА БАГАЖНИКА;0.00
ЛОНЖЕРОН З Л В;0.00
АКТИВАТОР БОК СТЕКЛО;0.00
ЗАКРЫВ ПАНЕЛЬ З;0.00
НАКЛ РУЧКА З ВНУ Л;0.00
НАКЛ РУЧКА З ВНУ ПР;0.00
СТЕКЛО ДВЕРИ З ПР;0.00
СКОБА СУППОРТА З Л;0.00
ФИКСАТОР ДВЕРИ З ПР;0.00
ЭЛ-ДВ СТ-ПОДЪЁМ З ПР;0.00
ЭМБЛЕМА "POLO";0.00
К-Т КЛЕЯ Д/СТЕКЛА З;0.00
ОЧИЩАЮЩИЙ РАСТВОР;0.00
РУЧКА ДВЕРИ НАР З ПР;0.00
ГРУНТОВКА БОК СТЕКЛО;0.00
БОКОВ СТЕКЛО З Л;0.00
НАПРАВЛ Л БАМПЕРА З;0.00
